{
  "model": "ranksaga-optimized-e5-v2",
  "timestamp": "2026-01-01T07:05:43.485000",
  "results": {
    "scifact": {
      "NDCG@10": 0.51366,
      "NDCG@100": 0.5563,
      "MAP@100": 0.46575,
      "Recall@100": 0.86844,
      "Precision@100": 0.00977
    },
    "nfcorpus": {
      "NDCG@10": 0.3921,
      "NDCG@100": 0.41868,
      "MAP@100": 0.23732,
      "Recall@100": 0.48301,
      "Precision@100": 0.12901
    },
    "scidocs": {
      "NDCG@10": 0.17672,
      "NDCG@100": 0.27263,
      "MAP@100": 0.12455,
      "Recall@100": 0.47823,
      "Precision@100": 0.02359
    },
    "quora": {
      "NDCG@10": 0.84719,
      "NDCG@100": 0.86306,
      "MAP@100": 0.81206,
      "Recall@100": 0.98648,
      "Precision@100": 0.01505
    }
  }
}

