{
  "model": "ranksaga-optimized-e5-v1",
  "results": {
    "scifact": {
      "NDCG@10": 0.52428,
      "NDCG@100": 0.56271,
      "MAP@100": 0.48121,
      "Recall@100": 0.84678,
      "Precision@100": 0.00953
    },
    "nfcorpus": {
      "NDCG@10": 0.38876,
      "NDCG@100": 0.41748,
      "MAP@100": 0.23683,
      "Recall@100": 0.48465,
      "Precision@100": 0.12582
    },
    "scidocs": {
      "NDCG@10": 0.15139,
      "NDCG@100": 0.2345,
      "MAP@100": 0.10625,
      "Recall@100": 0.40675,
      "Precision@100": 0.02006
    },
    "quora": {
      "NDCG@10": 0.84861,
      "NDCG@100": 0.86479,
      "MAP@100": 0.81341,
      "Recall@100": 0.98887,
      "Precision@100": 0.0151
    }
  }
}